{"train/loss": 0.1064, "train/learning_rate": 4.954954954954955e-06, "train/epoch": 3.0, "train/global_step": 111, "_timestamp": 1713120523.0650501, "_runtime": 2292.323390007019, "_step": 5, "eval/loss": 0.1657581776380539, "eval/runtime": 17.4427, "eval/samples_per_second": 0.975, "eval/steps_per_second": 0.287, "train/train_runtime": 2099.2996, "train/train_samples_per_second": 0.207, "train/train_steps_per_second": 0.053, "train/total_flos": 58873683640320.0, "train/train_loss": 0.3810353504644858}