{"train/loss": 0.1046, "train/grad_norm": 0.4726933538913727, "train/learning_rate": 4.954954954954955e-06, "train/epoch": 3.0, "train/global_step": 111, "_timestamp": 1714049310.2250705, "_runtime": 1070.5062925815582, "_step": 4, "eval/loss": 0.15796992182731628, "eval/runtime": 10.4117, "eval/samples_per_second": 1.633, "eval/steps_per_second": 0.48, "train_runtime": 1073.3792, "train_samples_per_second": 0.405, "train_steps_per_second": 0.103, "total_flos": 58873683640320.0, "train_loss": 0.38138690188124375}