{"train/loss": 0.1082, "train/grad_norm": 0.4654335081577301, "train/learning_rate": 4.954954954954955e-06, "train/epoch": 3.0, "train/global_step": 111, "_timestamp": 1714476270.6977272, "_runtime": 2171.7036352157593, "_step": 5, "eval/loss": 0.16566085815429688, "eval/runtime": 13.4118, "eval/samples_per_second": 1.268, "eval/steps_per_second": 0.373, "train_runtime": 2161.5016, "train_samples_per_second": 0.201, "train_steps_per_second": 0.051, "total_flos": 58873683640320.0, "train_loss": 0.3818501685116742}